{"cameraMode":{"drawMode":0,"name":"Shaded","section":"Shading Mode"},"sceneLighting":false,"audioPlay":false,"sceneViewState":{"showFog":false,"showMaterialUpdate":false,"showSkybox":false,"showFlares":false,"showImageEffects":false,"showParticleSystems":false},"in2DMode":false,"pivot":{"x":0.0108642578125,"y":0.718017578125,"z":0.04248046875},"rotation":{"x":0.2589992582798004,"y":-0.2991921901702881,"z":0.08473975956439972,"w":0.9144521355628967},"size":1.7510164976119996,"orthographic":true}