{"cameraMode":{"drawMode":0,"name":"Shaded","section":"Shading Mode"},"sceneLighting":true,"audioPlay":false,"sceneViewState":{"showFog":false,"showMaterialUpdate":false,"showSkybox":false,"showFlares":false,"showImageEffects":false,"showParticleSystems":false},"in2DMode":false,"pivot":{"x":-0.09521484375,"y":1.040771484375,"z":-0.3759765625},"rotation":{"x":-0.08593031764030457,"y":-0.8900562524795532,"z":0.1883135288953781,"w":-0.40614521503448489},"size":1.7124451398849488,"orthographic":true}