{"cameraMode":{"drawMode":0,"name":"Shaded","section":"Shading Mode"},"sceneLighting":false,"audioPlay":false,"sceneViewState":{"showFog":false,"showMaterialUpdate":false,"showSkybox":false,"showFlares":false,"showImageEffects":false,"showParticleSystems":false},"in2DMode":false,"pivot":{"x":0.1175537109375,"y":0.6729736328125,"z":0.0718994140625},"rotation":{"x":0.21399080753326417,"y":0.43358442187309267,"z":-0.10679494589567185,"w":0.8687965273857117},"size":1.3119640350341797,"orthographic":true}