{"cameraMode":{"drawMode":0,"name":"Shaded","section":"Shading Mode"},"sceneLighting":true,"audioPlay":false,"sceneViewState":{"showFog":false,"showMaterialUpdate":false,"showSkybox":false,"showFlares":false,"showImageEffects":false,"showParticleSystems":false},"in2DMode":false,"pivot":{"x":0.11865234375,"y":1.124267578125,"z":0.13671875},"rotation":{"x":0.22668112814426423,"y":0.32551994919776919,"z":-0.08069459348917008,"w":0.9144074320793152},"size":1.9195116758346558,"orthographic":true}