{"cameraMode":{"drawMode":0,"name":"Shaded","section":"Shading Mode"},"sceneLighting":false,"audioPlay":false,"sceneViewState":{"showFog":false,"showMaterialUpdate":false,"showSkybox":false,"showFlares":false,"showImageEffects":false,"showParticleSystems":false},"in2DMode":false,"pivot":{"x":-2.086162567138672e-7,"y":0.8330918550491333,"z":7.450580596923828e-7},"rotation":{"x":-0.08981538563966751,"y":-0.8858431577682495,"z":0.19298213720321656,"w":-0.4122779667377472},"size":0.8380277752876282,"orthographic":true}