{"cameraMode":{"drawMode":0,"name":"Shaded","section":"Shading Mode"},"sceneLighting":false,"audioPlay":false,"sceneViewState":{"showFog":false,"showMaterialUpdate":false,"showSkybox":false,"showFlares":false,"showImageEffects":false,"showParticleSystems":false},"in2DMode":false,"pivot":{"x":-0.012189298868179322,"y":1.0051336288452149,"z":-0.00956428050994873},"rotation":{"x":-0.08981538563966751,"y":-0.8858431577682495,"z":0.19298213720321656,"w":-0.4122779667377472},"size":1.4011895656585694,"orthographic":true}