{"cameraMode":{"drawMode":0,"name":"Shaded","section":"Shading Mode"},"sceneLighting":true,"audioPlay":false,"sceneViewState":{"showFog":false,"showMaterialUpdate":false,"showSkybox":false,"showFlares":false,"showImageEffects":false,"showParticleSystems":false},"in2DMode":false,"pivot":{"x":0.0,"y":1.0279998779296876,"z":0.0014998912811279297},"rotation":{"x":-0.23403404653072358,"y":0.31314563751220705,"z":-0.07992556691169739,"w":-0.916940450668335},"size":1.6259889602661133,"orthographic":true}