{"cameraMode":{"drawMode":0,"name":"Shaded","section":"Shading Mode"},"sceneLighting":false,"audioPlay":false,"sceneViewState":{"showFog":false,"showMaterialUpdate":false,"showSkybox":false,"showFlares":false,"showImageEffects":false,"showParticleSystems":false},"in2DMode":false,"pivot":{"x":-0.00927734375,"y":0.90966796875,"z":0.0699462890625},"rotation":{"x":0.12723475694656373,"y":0.8627996444702148,"z":-0.2683139741420746,"w":0.4091402590274811},"size":1.674167513847351,"orthographic":true}