{"cameraMode":{"drawMode":0,"name":"Shaded","section":"Shading Mode"},"sceneLighting":true,"audioPlay":false,"sceneViewState":{"showFog":false,"showMaterialUpdate":false,"showSkybox":false,"showFlares":false,"showImageEffects":false,"showParticleSystems":false},"in2DMode":false,"pivot":{"x":7.0966796875,"y":0.7048202753067017,"z":90.97904968261719},"rotation":{"x":0.14254453778266908,"y":0.5382125377655029,"z":-0.09294216334819794,"w":0.8254514932632446},"size":1.020488977432251,"orthographic":true}