{"cameraMode":{"drawMode":0,"name":"Shaded","section":"Shading Mode"},"sceneLighting":true,"audioPlay":false,"sceneViewState":{"showFog":false,"showMaterialUpdate":false,"showSkybox":false,"showFlares":false,"showImageEffects":false,"showParticleSystems":false},"in2DMode":false,"pivot":{"x":7.401123046875,"y":1.12652587890625,"z":90.24945068359375},"rotation":{"x":-0.09175430983304978,"y":-0.8351972103118897,"z":0.14680878818035127,"w":-0.5219904780387878},"size":1.1002558469772339,"orthographic":true}