{"cameraMode":{"drawMode":0,"name":"Shaded","section":"Shading Mode"},"sceneLighting":false,"audioPlay":false,"sceneViewState":{"showFog":false,"showMaterialUpdate":false,"showSkybox":false,"showFlares":false,"showImageEffects":false,"showParticleSystems":false},"in2DMode":false,"pivot":{"x":0.08299994468688965,"y":0.9869999885559082,"z":0.002000093460083008},"rotation":{"x":-0.09776464104652405,"y":-0.8430066704750061,"z":0.16387593746185304,"w":-0.5029180645942688},"size":2.0093166828155519,"orthographic":true}