{"cameraMode":{"drawMode":0,"name":"Shaded","section":"Shading Mode"},"sceneLighting":false,"audioPlay":false,"sceneViewState":{"showFog":false,"showMaterialUpdate":false,"showSkybox":false,"showFlares":false,"showImageEffects":false,"showParticleSystems":false},"in2DMode":false,"pivot":{"x":7.180000305175781,"y":1.1881444454193116,"z":97.21696472167969},"rotation":{"x":0.10888790339231491,"y":-0.8910975456237793,"z":0.3142121732234955,"w":0.3088032007217407},"size":7.710907936096191,"orthographic":true}