{"cameraMode":{"drawMode":0,"name":"Shaded","section":"Shading Mode"},"sceneLighting":false,"audioPlay":false,"sceneViewState":{"showFog":false,"showMaterialUpdate":false,"showSkybox":false,"showFlares":false,"showImageEffects":false,"showParticleSystems":false},"in2DMode":false,"pivot":{"x":-0.050048828125,"y":0.5914306640625,"z":0.009521484375},"rotation":{"x":0.12723475694656373,"y":0.8627996444702148,"z":-0.2683139741420746,"w":0.4091402590274811},"size":1.0812444686889649,"orthographic":true}