{"cameraMode":{"drawMode":0,"name":"Shaded","section":"Shading Mode"},"sceneLighting":false,"audioPlay":false,"sceneViewState":{"showFog":false,"showMaterialUpdate":false,"showSkybox":false,"showFlares":false,"showImageEffects":false,"showParticleSystems":false},"in2DMode":false,"pivot":{"x":-0.0130615234375,"y":0.707763671875,"z":0.0025634765625},"rotation":{"x":0.20428800582885743,"y":0.47910287976264956,"z":-0.11572296172380448,"w":0.8457748293876648},"size":1.2148857116699219,"orthographic":true}