{"cameraMode":{"drawMode":0,"name":"Shaded","section":"Shading Mode"},"sceneLighting":false,"audioPlay":false,"sceneViewState":{"showFog":false,"showMaterialUpdate":false,"showSkybox":false,"showFlares":false,"showImageEffects":false,"showParticleSystems":false},"in2DMode":false,"pivot":{"x":0.06650018692016602,"y":0.9954981803894043,"z":0.002000093460083008},"rotation":{"x":-0.09559446573257446,"y":-0.8774284720420837,"z":0.42709746956825259,"w":-0.19638942182064057},"size":1.9927130937576295,"orthographic":true}