{"cameraMode":{"drawMode":0,"name":"Shaded","section":"Shading Mode"},"sceneLighting":false,"audioPlay":false,"sceneViewState":{"showFog":false,"showMaterialUpdate":false,"showSkybox":false,"showFlares":false,"showImageEffects":false,"showParticleSystems":false},"in2DMode":false,"pivot":{"x":-0.05712890625,"y":0.8414306640625,"z":0.0308837890625},"rotation":{"x":0.2386779934167862,"y":0.4795803427696228,"z":-0.13738615810871125,"w":0.8331630229949951},"size":1.5292298793792725,"orthographic":true}