{"cameraMode":{"drawMode":0,"name":"Shaded","section":"Shading Mode"},"sceneLighting":false,"audioPlay":false,"sceneViewState":{"showFog":false,"showMaterialUpdate":false,"showSkybox":false,"showFlares":false,"showImageEffects":false,"showParticleSystems":false},"in2DMode":false,"pivot":{"x":0.1026611328125,"y":0.6412353515625,"z":0.0335693359375},"rotation":{"x":0.27589794993400576,"y":0.4537423551082611,"z":-0.15011395514011384,"w":0.8339448571205139},"size":1.4049983024597169,"orthographic":true}