{"cameraMode":{"drawMode":0,"name":"Shaded","section":"Shading Mode"},"sceneLighting":false,"audioPlay":false,"sceneViewState":{"showFog":false,"showMaterialUpdate":false,"showSkybox":false,"showFlares":false,"showImageEffects":false,"showParticleSystems":false},"in2DMode":false,"pivot":{"x":0.136962890625,"y":1.087158203125,"z":0.088134765625},"rotation":{"x":0.2663375437259674,"y":0.27833786606788638,"z":-0.0806388333439827,"w":0.9192876219749451},"size":2.3042380809783937,"orthographic":true}