{"cameraMode":{"drawMode":0,"name":"Shaded","section":"Shading Mode"},"sceneLighting":false,"audioPlay":false,"sceneViewState":{"showFog":false,"showMaterialUpdate":false,"showSkybox":false,"showFlares":false,"showImageEffects":false,"showParticleSystems":false},"in2DMode":false,"pivot":{"x":0.16259765625,"y":1.36676025390625,"z":-0.109130859375},"rotation":{"x":0.028891025111079217,"y":0.968940019607544,"z":-0.13753187656402589,"w":0.20348356664180757},"size":1.8454948663711548,"orthographic":true}