{"cameraMode":{"drawMode":0,"name":"Shaded","section":"Shading Mode"},"sceneLighting":false,"audioPlay":false,"sceneViewState":{"showFog":false,"showMaterialUpdate":false,"showSkybox":false,"showFlares":false,"showImageEffects":false,"showParticleSystems":false},"in2DMode":false,"pivot":{"x":0.15147392451763154,"y":0.8796768188476563,"z":0.60205078125},"rotation":{"x":0.10713625699281693,"y":-0.8913928866386414,"z":0.28308120369911196,"w":0.33735090494155886},"size":1.5959174633026124,"orthographic":true}