{"cameraMode":{"drawMode":0,"name":"Shaded","section":"Shading Mode"},"sceneLighting":false,"audioPlay":false,"sceneViewState":{"showFog":false,"showMaterialUpdate":false,"showSkybox":false,"showFlares":false,"showImageEffects":false,"showParticleSystems":false},"in2DMode":false,"pivot":{"x":-0.124267578125,"y":1.01708984375,"z":0.05712890625},"rotation":{"x":0.10135137289762497,"y":0.8986374735832214,"z":-0.2987946569919586,"w":0.30479568243026736},"size":2.982595205307007,"orthographic":true}