{"cameraMode":{"drawMode":0,"name":"Shaded","section":"Shading Mode"},"sceneLighting":true,"audioPlay":false,"sceneViewState":{"showFog":false,"showMaterialUpdate":false,"showSkybox":false,"showFlares":false,"showImageEffects":false,"showParticleSystems":false},"in2DMode":false,"pivot":{"x":-0.183837890625,"y":0.77685546875,"z":-0.5509033203125},"rotation":{"x":-0.08981538563966751,"y":-0.8858431577682495,"z":0.19298213720321656,"w":-0.4122779667377472},"size":1.1839429140090943,"orthographic":true}