{"cameraMode":{"drawMode":0,"name":"Shaded","section":"Shading Mode"},"sceneLighting":true,"audioPlay":false,"sceneViewState":{"showFog":false,"showMaterialUpdate":false,"showSkybox":false,"showFlares":false,"showImageEffects":false,"showParticleSystems":false},"in2DMode":false,"pivot":{"x":0.1676025390625,"y":0.636962890625,"z":0.02783203125},"rotation":{"x":-0.2386300414800644,"y":0.4173586070537567,"z":-0.11456357687711716,"w":-0.8693346381187439},"size":1.3095433712005616,"orthographic":true}