{"cameraMode":{"drawMode":0,"name":"Shaded","section":"Shading Mode"},"sceneLighting":false,"audioPlay":false,"sceneViewState":{"showFog":false,"showMaterialUpdate":false,"showSkybox":false,"showFlares":false,"showImageEffects":false,"showParticleSystems":false},"in2DMode":false,"pivot":{"x":0.2880859375,"y":1.0335693359375,"z":-0.1318359375},"rotation":{"x":-0.09156840294599533,"y":-0.8576379418373108,"z":0.16405154764652253,"w":-0.47870609164237978},"size":2.340888261795044,"orthographic":true}