{"cameraMode":{"drawMode":0,"name":"Shaded","section":"Shading Mode"},"sceneLighting":false,"audioPlay":false,"sceneViewState":{"showFog":false,"showMaterialUpdate":false,"showSkybox":false,"showFlares":false,"showImageEffects":false,"showParticleSystems":false},"in2DMode":false,"pivot":{"x":1.043081283569336e-7,"y":0.9236405491828919,"z":-0.0000018775463104248047},"rotation":{"x":-0.08981538563966751,"y":-0.8858431577682495,"z":0.19298213720321656,"w":-0.4122779667377472},"size":0.9871270060539246,"orthographic":true}