{"cameraMode":{"drawMode":0,"name":"Shaded","section":"Shading Mode"},"sceneLighting":false,"audioPlay":false,"sceneViewState":{"showFog":false,"showMaterialUpdate":false,"showSkybox":false,"showFlares":false,"showImageEffects":false,"showParticleSystems":false},"in2DMode":false,"pivot":{"x":6.941409587860107,"y":1.0164461135864258,"z":93.5062255859375},"rotation":{"x":0.10329097509384155,"y":-0.8965875506401062,"z":0.29662251472473147,"w":0.3122130036354065},"size":7.565922260284424,"orthographic":true}