{"cameraMode":{"drawMode":0,"name":"Shaded","section":"Shading Mode"},"sceneLighting":false,"audioPlay":false,"sceneViewState":{"showFog":false,"showMaterialUpdate":false,"showSkybox":false,"showFlares":false,"showImageEffects":false,"showParticleSystems":false},"in2DMode":false,"pivot":{"x":0.04150390625,"y":1.1407470703125,"z":-0.010986328125},"rotation":{"x":-0.10055006295442581,"y":-0.8947582840919495,"z":0.35220077633857729,"w":-0.2554447054862976},"size":2.2133195400238039,"orthographic":true}