{"cameraMode":{"drawMode":0,"name":"Shaded","section":"Shading Mode"},"sceneLighting":false,"audioPlay":false,"sceneViewState":{"showFog":false,"showMaterialUpdate":false,"showSkybox":false,"showFlares":false,"showImageEffects":false,"showParticleSystems":false},"in2DMode":false,"pivot":{"x":0.569580078125,"y":0.792236328125,"z":0.78173828125},"rotation":{"x":0.22154229879379273,"y":0.32187387347221377,"z":-0.07774507999420166,"w":0.9172087907791138},"size":2.468290328979492,"orthographic":true}