{"cameraMode":{"drawMode":0,"name":"Shaded","section":"Shading Mode"},"sceneLighting":true,"audioPlay":false,"sceneViewState":{"showFog":false,"showMaterialUpdate":false,"showSkybox":false,"showFlares":false,"showImageEffects":false,"showParticleSystems":false},"in2DMode":false,"pivot":{"x":0.08299994468688965,"y":0.9869999885559082,"z":0.002000093460083008},"rotation":{"x":-0.10263068974018097,"y":-0.8752126097679138,"z":0.2127881944179535,"w":-0.422126829624176},"size":1.5861314535140992,"orthographic":true}