{"cameraMode":{"drawMode":0,"name":"Shaded","section":"Shading Mode"},"sceneLighting":false,"audioPlay":false,"sceneViewState":{"showFog":false,"showMaterialUpdate":false,"showSkybox":false,"showFlares":false,"showImageEffects":false,"showParticleSystems":false},"in2DMode":false,"pivot":{"x":-0.10107421875,"y":0.76220703125,"z":0.3299560546875},"rotation":{"x":-0.12720778584480287,"y":0.8300592303276062,"z":-0.21106496453285218,"w":-0.5002714395523071},"size":1.5935782194137574,"orthographic":true}