{"cameraMode":{"drawMode":0,"name":"Shaded","section":"Shading Mode"},"sceneLighting":false,"audioPlay":false,"sceneViewState":{"showFog":false,"showMaterialUpdate":false,"showSkybox":false,"showFlares":false,"showImageEffects":false,"showParticleSystems":false},"in2DMode":false,"pivot":{"x":0.1513671875,"y":0.8135986328125,"z":-0.1627197265625},"rotation":{"x":-0.23403404653072358,"y":0.31314563751220705,"z":-0.07992556691169739,"w":-0.916940450668335},"size":1.1315497159957886,"orthographic":true}