{"cameraMode":{"drawMode":0,"name":"Shaded","section":"Shading Mode"},"sceneLighting":false,"audioPlay":false,"sceneViewState":{"showFog":false,"showMaterialUpdate":false,"showSkybox":false,"showFlares":false,"showImageEffects":false,"showParticleSystems":false},"in2DMode":false,"pivot":{"x":0.07899999618530274,"y":0.7235000133514404,"z":-0.002499997615814209},"rotation":{"x":0.2129857987165451,"y":0.48751625418663027,"z":-0.12396445125341416,"w":0.8376144170761108},"size":1.4438902139663697,"orthographic":true}