{"cameraMode":{"drawMode":0,"name":"Shaded","section":"Shading Mode"},"sceneLighting":true,"audioPlay":false,"sceneViewState":{"showFog":false,"showMaterialUpdate":false,"showSkybox":false,"showFlares":false,"showImageEffects":false,"showParticleSystems":false},"in2DMode":false,"pivot":{"x":-0.004150390625,"y":0.770751953125,"z":-0.00537109375},"rotation":{"x":-0.09994921833276749,"y":0.8966992497444153,"z":-0.26125118136405947,"w":-0.34305763244628909},"size":1.9650413990020753,"orthographic":true}