{"cameraMode":{"drawMode":0,"name":"Shaded","section":"Shading Mode"},"sceneLighting":false,"audioPlay":false,"sceneViewState":{"showFog":false,"showMaterialUpdate":false,"showSkybox":false,"showFlares":false,"showImageEffects":false,"showParticleSystems":false},"in2DMode":false,"pivot":{"x":0.42431640625,"y":1.05029296875,"z":0.345947265625},"rotation":{"x":0.22459295392036439,"y":0.3989013135433197,"z":-0.10143139213323593,"w":0.8832595348358154},"size":3.6039628982543947,"orthographic":true}