{"cameraMode":{"drawMode":0,"name":"Shaded","section":"Shading Mode"},"sceneLighting":true,"audioPlay":false,"sceneViewState":{"showFog":false,"showMaterialUpdate":false,"showSkybox":false,"showFlares":false,"showImageEffects":false,"showParticleSystems":false},"in2DMode":false,"pivot":{"x":0.06650018692016602,"y":0.9954981803894043,"z":0.002000093460083008},"rotation":{"x":-0.10491558909416199,"y":-0.8628246188163757,"z":0.20020534098148347,"w":-0.452155202627182},"size":1.4388744831085206,"orthographic":true}