{"cameraMode":{"drawMode":0,"name":"Shaded","section":"Shading Mode"},"sceneLighting":false,"audioPlay":false,"sceneViewState":{"showFog":false,"showMaterialUpdate":false,"showSkybox":false,"showFlares":false,"showImageEffects":false,"showParticleSystems":false},"in2DMode":false,"pivot":{"x":-0.09228515625,"y":0.7576904296875,"z":0.0455322265625},"rotation":{"x":0.27309584617614748,"y":0.41095033288002016,"z":-0.13050688803195954,"w":0.8599455952644348},"size":1.4795643091201783,"orthographic":true}