{"cameraMode":{"drawMode":0,"name":"Shaded","section":"Shading Mode"},"sceneLighting":false,"audioPlay":false,"sceneViewState":{"showFog":false,"showMaterialUpdate":false,"showSkybox":false,"showFlares":false,"showImageEffects":false,"showParticleSystems":false},"in2DMode":false,"pivot":{"x":4.6938657760620119e-7,"y":0.913273811340332,"z":-5.21540641784668e-8},"rotation":{"x":0.18862587213516236,"y":0.2530818283557892,"z":-0.050380557775497439,"w":0.9475398659706116},"size":1.4384406805038453,"orthographic":true}