{"cameraMode":{"drawMode":0,"name":"Shaded","section":"Shading Mode"},"sceneLighting":false,"audioPlay":false,"sceneViewState":{"showFog":false,"showMaterialUpdate":false,"showSkybox":false,"showFlares":false,"showImageEffects":false,"showParticleSystems":false},"in2DMode":false,"pivot":{"x":-0.0247802734375,"y":0.9735107421875,"z":-0.0086669921875},"rotation":{"x":-0.08948423713445664,"y":-0.8855119943618774,"z":0.1915191411972046,"w":-0.41374096274375918},"size":1.4011895656585694,"orthographic":true}