{"cameraMode":{"drawMode":0,"name":"Shaded","section":"Shading Mode"},"sceneLighting":true,"audioPlay":false,"sceneViewState":{"showFog":false,"showMaterialUpdate":false,"showSkybox":false,"showFlares":false,"showImageEffects":false,"showParticleSystems":false},"in2DMode":false,"pivot":{"x":0.29443359375,"y":1.502685546875,"z":-0.1357421875},"rotation":{"x":0.09132741391658783,"y":0.9086236357688904,"z":-0.2930624783039093,"w":0.2831549346446991},"size":2.7529759407043459,"orthographic":true}