{"cameraMode":{"drawMode":0,"name":"Shaded","section":"Shading Mode"},"sceneLighting":false,"audioPlay":false,"sceneViewState":{"showFog":false,"showMaterialUpdate":false,"showSkybox":false,"showFlares":false,"showImageEffects":false,"showParticleSystems":false},"in2DMode":false,"pivot":{"x":0.16259765625,"y":1.36676025390625,"z":-0.109130859375},"rotation":{"x":0.04934125766158104,"y":0.9491274356842041,"z":-0.19042043387889863,"w":0.24589169025421143},"size":2.140446662902832,"orthographic":true}