{"cameraMode":{"drawMode":0,"name":"Shaded","section":"Shading Mode"},"sceneLighting":false,"audioPlay":false,"sceneViewState":{"showFog":false,"showMaterialUpdate":false,"showSkybox":false,"showFlares":false,"showImageEffects":false,"showParticleSystems":false},"in2DMode":false,"pivot":{"x":-0.011100385338068009,"y":0.7494342923164368,"z":-0.01563701033592224},"rotation":{"x":0.21268168091773988,"y":0.47246330976486208,"z":-0.11862452328205109,"w":0.8470437526702881},"size":1.2365338802337647,"orthographic":true}