{"cameraMode":{"drawMode":0,"name":"Shaded","section":"Shading Mode"},"sceneLighting":false,"audioPlay":false,"sceneViewState":{"showFog":false,"showMaterialUpdate":false,"showSkybox":false,"showFlares":false,"showImageEffects":false,"showParticleSystems":false},"in2DMode":false,"pivot":{"x":0.14202880859375,"y":0.154693603515625,"z":0.11968994140625},"rotation":{"x":0.07115495949983597,"y":-0.8793722987174988,"z":0.13911454379558564,"w":0.44978785514831545},"size":0.32965704798698428,"orthographic":true}