{"cameraMode":{"drawMode":0,"name":"Shaded","section":"Shading Mode"},"sceneLighting":false,"audioPlay":false,"sceneViewState":{"showFog":false,"showMaterialUpdate":false,"showSkybox":false,"showFlares":false,"showImageEffects":false,"showParticleSystems":false},"in2DMode":false,"pivot":{"x":4.6938657760620119e-7,"y":0.913273811340332,"z":-5.21540641784668e-8},"rotation":{"x":-0.14397026598453523,"y":-0.44493332505226138,"z":0.07271521538496018,"w":-0.8809195160865784},"size":1.4384406805038453,"orthographic":true}