{"cameraMode":{"drawMode":0,"name":"Shaded","section":"Shading Mode"},"sceneLighting":false,"audioPlay":false,"sceneViewState":{"showFog":false,"showMaterialUpdate":false,"showSkybox":false,"showFlares":false,"showImageEffects":false,"showParticleSystems":false},"in2DMode":false,"pivot":{"x":8.940696716308594e-8,"y":0.10772812366485596,"z":2.2351741790771486e-8},"rotation":{"x":0.11914011836051941,"y":-0.38934287428855898,"z":0.050842273980379108,"w":0.9119614958763123},"size":0.36664146184921267,"orthographic":true}