{"cameraMode":{"drawMode":0,"name":"Shaded","section":"Shading Mode"},"sceneLighting":false,"audioPlay":false,"sceneViewState":{"showFog":false,"showMaterialUpdate":false,"showSkybox":false,"showFlares":false,"showImageEffects":false,"showParticleSystems":false},"in2DMode":false,"pivot":{"x":-0.425537109375,"y":1.4345703125,"z":0.347412109375},"rotation":{"x":-0.11153881251811981,"y":-0.885267436504364,"z":0.27675604820251467,"w":-0.35676729679107668},"size":2.1246471405029299,"orthographic":true}