{"cameraMode":{"drawMode":0,"name":"Shaded","section":"Shading Mode"},"sceneLighting":false,"audioPlay":false,"sceneViewState":{"showFog":false,"showMaterialUpdate":false,"showSkybox":false,"showFlares":false,"showImageEffects":false,"showParticleSystems":false},"in2DMode":false,"pivot":{"x":-1.7881393432617188e-7,"y":0.09536361694335938,"z":0.0},"rotation":{"x":0.11236696690320969,"y":-0.3883435130119324,"z":0.047757185995578769,"w":0.9134121537208557},"size":0.4277060329914093,"orthographic":true}