{"cameraMode":{"drawMode":0,"name":"Shaded","section":"Shading Mode"},"sceneLighting":true,"audioPlay":false,"sceneViewState":{"showFog":false,"showMaterialUpdate":false,"showSkybox":false,"showFlares":false,"showImageEffects":false,"showParticleSystems":false},"in2DMode":false,"pivot":{"x":-0.089599609375,"y":0.998779296875,"z":0.1922607421875},"rotation":{"x":0.004118087701499462,"y":-0.4028233289718628,"z":0.0018143283668905497,"w":0.9152728915214539},"size":0.7669482231140137,"orthographic":true}