{"cameraMode":{"drawMode":0,"name":"Shaded","section":"Shading Mode"},"sceneLighting":true,"audioPlay":false,"sceneViewState":{"showFog":false,"showMaterialUpdate":false,"showSkybox":false,"showFlares":false,"showImageEffects":false,"showParticleSystems":false},"in2DMode":false,"pivot":{"x":-0.00008416175842285156,"y":1.4909344911575318,"z":-3.5762786865234377e-7},"rotation":{"x":-0.047127287834882739,"y":-0.9505570530891419,"z":0.18034683167934419,"w":-0.24838970601558686},"size":2.9811816215515138,"orthographic":true}