{"cameraMode":{"drawMode":0,"name":"Shaded","section":"Shading Mode"},"sceneLighting":true,"audioPlay":false,"sceneViewState":{"showFog":false,"showMaterialUpdate":false,"showSkybox":false,"showFlares":false,"showImageEffects":false,"showParticleSystems":false},"in2DMode":false,"pivot":{"x":0.0,"y":0.8497011661529541,"z":0.07950000464916229},"rotation":{"x":-0.12743784487247468,"y":0.2860644459724426,"z":-0.03841868415474892,"w":-0.948921263217926},"size":1.5014830827713013,"orthographic":true}