{"cameraMode":{"drawMode":0,"name":"Shaded","section":"Shading Mode"},"sceneLighting":false,"audioPlay":false,"sceneViewState":{"showFog":false,"showMaterialUpdate":false,"showSkybox":false,"showFlares":false,"showImageEffects":false,"showParticleSystems":false},"in2DMode":false,"pivot":{"x":-1.7881393432617188e-7,"y":0.09536361694335938,"z":0.0},"rotation":{"x":0.08461527526378632,"y":-0.5268633365631104,"z":0.05279163643717766,"w":0.8440997004508972},"size":0.4277060329914093,"orthographic":true}