{"cameraMode":{"drawMode":0,"name":"Shaded","section":"Shading Mode"},"sceneLighting":false,"audioPlay":false,"sceneViewState":{"showFog":false,"showMaterialUpdate":false,"showSkybox":false,"showFlares":false,"showImageEffects":false,"showParticleSystems":false},"in2DMode":false,"pivot":{"x":-2.384185791015625e-7,"y":1.0689561367034913,"z":1.1920928955078126e-7},"rotation":{"x":-0.1731756329536438,"y":-0.4265844523906708,"z":0.08358867466449738,"w":-0.8837693333625794},"size":1.8487615585327149,"orthographic":true}