{"cameraMode":{"drawMode":0,"name":"Shaded","section":"Shading Mode"},"sceneLighting":false,"audioPlay":false,"sceneViewState":{"showFog":false,"showMaterialUpdate":false,"showSkybox":false,"showFlares":false,"showImageEffects":false,"showParticleSystems":false},"in2DMode":false,"pivot":{"x":8.940696716308594e-8,"y":0.10772812366485596,"z":2.2351741790771486e-8},"rotation":{"x":0.15790776908397675,"y":0.4136461317539215,"z":-0.07310845702886582,"w":0.8936774730682373},"size":0.5548955202102661,"orthographic":true}