{"cameraMode":{"drawMode":0,"name":"Shaded","section":"Shading Mode"},"sceneLighting":true,"audioPlay":false,"sceneViewState":{"showFog":false,"showMaterialUpdate":false,"showSkybox":false,"showFlares":false,"showImageEffects":false,"showParticleSystems":false},"in2DMode":false,"pivot":{"x":0.017471492290496827,"y":0.8141018152236939,"z":0.000002205371856689453},"rotation":{"x":-0.14397026598453523,"y":-0.44493332505226138,"z":0.07271521538496018,"w":-0.8809195160865784},"size":2.665860891342163,"orthographic":true}