{"cameraMode":{"drawMode":0,"name":"Shaded","section":"Shading Mode"},"sceneLighting":false,"audioPlay":false,"sceneViewState":{"showFog":false,"showMaterialUpdate":false,"showSkybox":false,"showFlares":false,"showImageEffects":false,"showParticleSystems":false},"in2DMode":false,"pivot":{"x":0.053466796875,"y":0.741851806640625,"z":-0.12294197082519531},"rotation":{"x":-0.09962620586156845,"y":0.8877807259559631,"z":-0.22857666015625,"w":-0.3869096338748932},"size":1.322705864906311,"orthographic":true}