{"cameraMode":{"drawMode":0,"name":"Shaded","section":"Shading Mode"},"sceneLighting":true,"audioPlay":false,"sceneViewState":{"showFog":false,"showMaterialUpdate":false,"showSkybox":false,"showFlares":false,"showImageEffects":false,"showParticleSystems":false},"in2DMode":false,"pivot":{"x":0.01199418306350708,"y":0.82651686668396,"z":-1.7881393432617188e-7},"rotation":{"x":-0.17749781906604768,"y":-0.5393028259277344,"z":0.11748726665973664,"w":-0.8147678971290588},"size":1.670166015625,"orthographic":true}