{"cameraMode":{"drawMode":0,"name":"Shaded","section":"Shading Mode"},"sceneLighting":false,"audioPlay":false,"sceneViewState":{"showFog":false,"showMaterialUpdate":false,"showSkybox":false,"showFlares":false,"showImageEffects":false,"showParticleSystems":false},"in2DMode":false,"pivot":{"x":4.470348358154297e-8,"y":0.12277445197105408,"z":0.0},"rotation":{"x":0.18090738356113435,"y":-0.4482228755950928,"z":0.09313107281923294,"w":0.8704870939254761},"size":0.5090586543083191,"orthographic":true}