{"cameraMode":{"drawMode":0,"name":"Shaded","section":"Shading Mode"},"sceneLighting":false,"audioPlay":false,"sceneViewState":{"showFog":false,"showMaterialUpdate":false,"showSkybox":false,"showFlares":false,"showImageEffects":false,"showParticleSystems":false},"in2DMode":false,"pivot":{"x":0.0546875,"y":0.09027099609375,"z":0.0418701171875},"rotation":{"x":0.21513403952121736,"y":-0.2712096869945526,"z":0.06233879178762436,"w":0.9361123442649841},"size":0.410812646150589,"orthographic":true}