{"cameraMode":{"drawMode":0,"name":"Shaded","section":"Shading Mode"},"sceneLighting":false,"audioPlay":false,"sceneViewState":{"showFog":false,"showMaterialUpdate":false,"showSkybox":false,"showFlares":false,"showImageEffects":false,"showParticleSystems":false},"in2DMode":false,"pivot":{"x":-0.0538330078125,"y":0.76513671875,"z":-0.132568359375},"rotation":{"x":-0.2165350615978241,"y":-0.4232364296913147,"z":0.10491836816072464,"w":-0.8734824657440186},"size":1.1312886476516724,"orthographic":true}