{"cameraMode":{"drawMode":0,"name":"Shaded","section":"Shading Mode"},"sceneLighting":false,"audioPlay":false,"sceneViewState":{"showFog":false,"showMaterialUpdate":false,"showSkybox":false,"showFlares":false,"showImageEffects":false,"showParticleSystems":false},"in2DMode":false,"pivot":{"x":0.15704345703125,"y":0.12701416015625,"z":0.1694793701171875},"rotation":{"x":0.05512971058487892,"y":-0.8881922364234924,"z":0.11060631275177002,"w":0.4425937533378601},"size":0.24629218876361848,"orthographic":true}