{"cameraMode":{"drawMode":0,"name":"Shaded","section":"Shading Mode"},"sceneLighting":true,"audioPlay":false,"sceneViewState":{"showFog":false,"showMaterialUpdate":false,"showSkybox":false,"showFlares":false,"showImageEffects":false,"showParticleSystems":false},"in2DMode":false,"pivot":{"x":0.017512500286102296,"y":1.3939285278320313,"z":0.0175132155418396},"rotation":{"x":-0.14397026598453523,"y":-0.44493332505226138,"z":0.07271521538496018,"w":-0.8809195160865784},"size":3.8125274181365969,"orthographic":true}