{"cameraMode":{"drawMode":0,"name":"Shaded","section":"Shading Mode"},"sceneLighting":false,"audioPlay":false,"sceneViewState":{"showFog":false,"showMaterialUpdate":false,"showSkybox":false,"showFlares":false,"showImageEffects":false,"showParticleSystems":false},"in2DMode":false,"pivot":{"x":0.0,"y":0.5049999952316284,"z":0.10000002384185791},"rotation":{"x":-0.29897430539131167,"y":-0.2641844153404236,"z":0.08652214705944061,"w":-0.9128737449645996},"size":2.113095283508301,"orthographic":true}