{"cameraMode":{"drawMode":0,"name":"Shaded","section":"Shading Mode"},"sceneLighting":false,"audioPlay":false,"sceneViewState":{"showFog":false,"showMaterialUpdate":false,"showSkybox":false,"showFlares":false,"showImageEffects":false,"showParticleSystems":false},"in2DMode":false,"pivot":{"x":0.17643794417381288,"y":1.0807952880859376,"z":0.4270882308483124},"rotation":{"x":-0.06789052486419678,"y":-0.9291385412216187,"z":0.21559388935565949,"w":-0.29261311888694765},"size":2.236086845397949,"orthographic":true}