{"cameraMode":{"drawMode":0,"name":"Shaded","section":"Shading Mode"},"sceneLighting":true,"audioPlay":false,"sceneViewState":{"showFog":false,"showMaterialUpdate":false,"showSkybox":false,"showFlares":false,"showImageEffects":false,"showParticleSystems":false},"in2DMode":false,"pivot":{"x":-1.1920928955078126e-7,"y":0.970159113407135,"z":5.960464477539063e-8},"rotation":{"x":0.052562009543180469,"y":0.9208767414093018,"z":-0.1335294395685196,"w":0.3624837100505829},"size":1.337844967842102,"orthographic":true}