{"cameraMode":{"drawMode":0,"name":"Shaded","section":"Shading Mode"},"sceneLighting":false,"audioPlay":false,"sceneViewState":{"showFog":false,"showMaterialUpdate":false,"showSkybox":false,"showFlares":false,"showImageEffects":false,"showParticleSystems":false},"in2DMode":false,"pivot":{"x":6.357044219970703,"y":1.3055031299591065,"z":21.713104248046876},"rotation":{"x":0.15965768694877625,"y":0.4451318681240082,"z":-0.08100077509880066,"w":0.877388060092926},"size":27.54997444152832,"orthographic":true}