{"cameraMode":{"drawMode":0,"name":"Shaded","section":"Shading Mode"},"sceneLighting":true,"audioPlay":false,"sceneViewState":{"showFog":false,"showMaterialUpdate":false,"showSkybox":false,"showFlares":false,"showImageEffects":false,"showParticleSystems":false},"in2DMode":false,"pivot":{"x":-0.03114888072013855,"y":0.8239474296569824,"z":-0.024500012397766115},"rotation":{"x":-0.19343163073062898,"y":-0.39425891637802126,"z":0.08526942878961563,"w":-0.8943561315536499},"size":1.2912914752960206,"orthographic":true}