{"cameraMode":{"drawMode":0,"name":"Shaded","section":"Shading Mode"},"sceneLighting":true,"audioPlay":false,"sceneViewState":{"showFog":false,"showMaterialUpdate":false,"showSkybox":false,"showFlares":false,"showImageEffects":false,"showParticleSystems":false},"in2DMode":false,"pivot":{"x":0.09249997138977051,"y":1.2709999084472657,"z":-0.00350189208984375},"rotation":{"x":-0.172160342335701,"y":-0.4371589720249176,"z":0.0856608897447586,"w":-0.8785870671272278},"size":2.407494306564331,"orthographic":true}