{"cameraMode":{"drawMode":0,"name":"Shaded","section":"Shading Mode"},"sceneLighting":false,"audioPlay":false,"sceneViewState":{"showFog":false,"showMaterialUpdate":false,"showSkybox":false,"showFlares":false,"showImageEffects":false,"showParticleSystems":false},"in2DMode":false,"pivot":{"x":5.060302734375,"y":1.358154296875,"z":19.56787109375},"rotation":{"x":0.08811718225479126,"y":-0.8746148943901062,"z":0.17356111109256745,"w":0.44404974579811098},"size":2.406658411026001,"orthographic":true}