{"cameraMode":{"drawMode":0,"name":"Shaded","section":"Shading Mode"},"sceneLighting":false,"audioPlay":false,"sceneViewState":{"showFog":false,"showMaterialUpdate":false,"showSkybox":false,"showFlares":false,"showImageEffects":false,"showParticleSystems":false},"in2DMode":false,"pivot":{"x":1.422716736793518,"y":0.8842309713363648,"z":97.431884765625},"rotation":{"x":0.14898155629634858,"y":0.4476473927497864,"z":-0.07592043280601502,"w":0.8784416913986206},"size":1.1934731006622315,"orthographic":true}