{"cameraMode":{"drawMode":0,"name":"Shaded","section":"Shading Mode"},"sceneLighting":false,"audioPlay":false,"sceneViewState":{"showFog":false,"showMaterialUpdate":false,"showSkybox":false,"showFlares":false,"showImageEffects":false,"showParticleSystems":false},"in2DMode":false,"pivot":{"x":0.1529541015625,"y":0.16510009765625,"z":0.10186767578125},"rotation":{"x":0.08811718225479126,"y":-0.8746148943901062,"z":0.17356111109256745,"w":0.44404974579811098},"size":0.38945913314819338,"orthographic":true}