{"cameraMode":{"drawMode":0,"name":"Shaded","section":"Shading Mode"},"sceneLighting":false,"audioPlay":false,"sceneViewState":{"showFog":false,"showMaterialUpdate":false,"showSkybox":false,"showFlares":false,"showImageEffects":false,"showParticleSystems":false},"in2DMode":false,"pivot":{"x":-1.7881393432617188e-7,"y":0.11093150079250336,"z":0.0},"rotation":{"x":0.2876777946949005,"y":0.48204028606414797,"z":-0.17128844559192658,"w":0.8096768260002136},"size":0.5271821022033691,"orthographic":true}