{"cameraMode":{"drawMode":0,"name":"Shaded","section":"Shading Mode"},"sceneLighting":false,"audioPlay":false,"sceneViewState":{"showFog":false,"showMaterialUpdate":false,"showSkybox":false,"showFlares":false,"showImageEffects":false,"showParticleSystems":false},"in2DMode":false,"pivot":{"x":2.9802322387695315e-8,"y":0.10157675296068192,"z":-1.6391277313232423e-7},"rotation":{"x":0.08474656194448471,"y":-0.8867496848106384,"z":0.18012171983718873,"w":0.4172440469264984},"size":0.4513623118400574,"orthographic":true}