{"cameraMode":{"drawMode":0,"name":"Shaded","section":"Shading Mode"},"sceneLighting":false,"audioPlay":false,"sceneViewState":{"showFog":false,"showMaterialUpdate":false,"showSkybox":false,"showFlares":false,"showImageEffects":false,"showParticleSystems":false},"in2DMode":false,"pivot":{"x":4.470348358154297e-8,"y":0.12277445197105408,"z":0.0},"rotation":{"x":0.11576729267835617,"y":-0.5295519232749939,"z":0.07320202887058258,"w":0.8371806144714356},"size":0.3696210980415344,"orthographic":true}