{"cameraMode":{"drawMode":0,"name":"Shaded","section":"Shading Mode"},"sceneLighting":false,"audioPlay":false,"sceneViewState":{"showFog":false,"showMaterialUpdate":false,"showSkybox":false,"showFlares":false,"showImageEffects":false,"showParticleSystems":false},"in2DMode":false,"pivot":{"x":8.940696716308594e-8,"y":0.10772812366485596,"z":2.2351741790771486e-8},"rotation":{"x":0.012347673997282982,"y":-0.705317497253418,"z":0.012255002744495869,"w":0.7087058424949646},"size":0.36664146184921267,"orthographic":true}