{"cameraMode":{"drawMode":0,"name":"Shaded","section":"Shading Mode"},"sceneLighting":false,"audioPlay":false,"sceneViewState":{"showFog":false,"showMaterialUpdate":false,"showSkybox":false,"showFlares":false,"showImageEffects":false,"showParticleSystems":false},"in2DMode":false,"pivot":{"x":0.03765869140625,"y":0.072509765625,"z":0.07525634765625},"rotation":{"x":0.20293296873569489,"y":-0.36392083764076235,"z":0.08159153908491135,"w":0.9054027795791626},"size":0.3933260440826416,"orthographic":true}