{"cameraMode":{"drawMode":0,"name":"Shaded","section":"Shading Mode"},"sceneLighting":false,"audioPlay":false,"sceneViewState":{"showFog":false,"showMaterialUpdate":false,"showSkybox":false,"showFlares":false,"showImageEffects":false,"showParticleSystems":false},"in2DMode":false,"pivot":{"x":0.06650000810623169,"y":0.9909355044364929,"z":0.0019500255584716797},"rotation":{"x":-0.2072008103132248,"y":-0.42562758922576907,"z":0.10077955573797226,"w":-0.8750717043876648},"size":1.7977666854858399,"orthographic":true}