{"cameraMode":{"drawMode":0,"name":"Shaded","section":"Shading Mode"},"sceneLighting":false,"audioPlay":false,"sceneViewState":{"showFog":false,"showMaterialUpdate":false,"showSkybox":false,"showFlares":false,"showImageEffects":false,"showParticleSystems":false},"in2DMode":false,"pivot":{"x":-0.2760009765625,"y":0.7120361328125,"z":0.0419921875},"rotation":{"x":0.09133008867502213,"y":-0.9032280445098877,"z":0.23979401588439942,"w":0.3440118432044983},"size":1.376534342765808,"orthographic":true}