{"cameraMode":{"drawMode":0,"name":"Shaded","section":"Shading Mode"},"sceneLighting":false,"audioPlay":false,"sceneViewState":{"showFog":false,"showMaterialUpdate":false,"showSkybox":false,"showFlares":false,"showImageEffects":false,"showParticleSystems":false},"in2DMode":false,"pivot":{"x":0.11798095703125,"y":0.095550537109375,"z":-0.035400390625},"rotation":{"x":0.21902716159820558,"y":-0.3586771488189697,"z":0.08697633445262909,"w":0.903245747089386},"size":0.550096333026886,"orthographic":true}