{"cameraMode":{"drawMode":0,"name":"Shaded","section":"Shading Mode"},"sceneLighting":false,"audioPlay":false,"sceneViewState":{"showFog":false,"showMaterialUpdate":false,"showSkybox":false,"showFlares":false,"showImageEffects":false,"showParticleSystems":false},"in2DMode":false,"pivot":{"x":0.0,"y":0.8915159702301025,"z":-0.005169928073883057},"rotation":{"x":-0.18190456926822663,"y":-0.3562125563621521,"z":0.07090956717729569,"w":-0.913780927658081},"size":1.4387184381484986,"orthographic":true}