{"cameraMode":{"drawMode":0,"name":"Shaded","section":"Shading Mode"},"sceneLighting":false,"audioPlay":false,"sceneViewState":{"showFog":false,"showMaterialUpdate":false,"showSkybox":false,"showFlares":false,"showImageEffects":false,"showParticleSystems":false},"in2DMode":false,"pivot":{"x":0.010986328125,"y":0.493499755859375,"z":-0.12572479248046876},"rotation":{"x":-0.08807992190122605,"y":-0.8813853859901428,"z":0.18178580701351167,"w":-0.42706650495529177},"size":0.7771065831184387,"orthographic":true}