{"cameraMode":{"drawMode":0,"name":"Shaded","section":"Shading Mode"},"sceneLighting":true,"audioPlay":false,"sceneViewState":{"showFog":false,"showMaterialUpdate":false,"showSkybox":false,"showFlares":false,"showImageEffects":false,"showParticleSystems":false},"in2DMode":false,"pivot":{"x":0.11349999904632569,"y":1.125,"z":0.10500001907348633},"rotation":{"x":0.2980562746524811,"y":0.1890684813261032,"z":-0.0603543184697628,"w":0.9336885213851929},"size":2.0420010089874269,"orthographic":true}