{"cameraMode":{"drawMode":0,"name":"Shaded","section":"Shading Mode"},"sceneLighting":false,"audioPlay":false,"sceneViewState":{"showFog":false,"showMaterialUpdate":false,"showSkybox":false,"showFlares":false,"showImageEffects":false,"showParticleSystems":false},"in2DMode":false,"pivot":{"x":0.062744140625,"y":0.7166748046875,"z":0.0523681640625},"rotation":{"x":0.21831217408180238,"y":0.45890992879867556,"z":-0.1174263134598732,"w":0.8532090187072754},"size":1.3519952297210694,"orthographic":true}