{"cameraMode":{"drawMode":0,"name":"Shaded","section":"Shading Mode"},"sceneLighting":true,"audioPlay":false,"sceneViewState":{"showFog":false,"showMaterialUpdate":false,"showSkybox":false,"showFlares":false,"showImageEffects":false,"showParticleSystems":false},"in2DMode":false,"pivot":{"x":0.017512500286102296,"y":1.3939285278320313,"z":0.0175132155418396},"rotation":{"x":-0.18863250315189362,"y":-0.22432778775691987,"z":0.04430558532476425,"w":-0.9550570249557495},"size":2.292369842529297,"orthographic":true}