{"cameraMode":{"drawMode":0,"name":"Shaded","section":"Shading Mode"},"sceneLighting":false,"audioPlay":false,"sceneViewState":{"showFog":false,"showMaterialUpdate":false,"showSkybox":false,"showFlares":false,"showImageEffects":false,"showParticleSystems":false},"in2DMode":false,"pivot":{"x":-0.012189298868179322,"y":1.0051336288452149,"z":-0.00956428050994873},"rotation":{"x":-0.21375642716884614,"y":-0.534682035446167,"z":0.14195184409618379,"w":-0.8051575422286987},"size":1.4314076900482178,"orthographic":true}