{"cameraMode":{"drawMode":0,"name":"Shaded","section":"Shading Mode"},"sceneLighting":false,"audioPlay":false,"sceneViewState":{"showFog":false,"showMaterialUpdate":false,"showSkybox":false,"showFlares":false,"showImageEffects":false,"showParticleSystems":false},"in2DMode":false,"pivot":{"x":-1.7881393432617188e-7,"y":0.09536361694335938,"z":0.0},"rotation":{"x":0.06868439167737961,"y":-0.847710371017456,"z":0.11331892013549805,"w":0.5136811137199402},"size":0.4277060329914093,"orthographic":true}