{"cameraMode":{"drawMode":0,"name":"Shaded","section":"Shading Mode"},"sceneLighting":false,"audioPlay":false,"sceneViewState":{"showFog":false,"showMaterialUpdate":false,"showSkybox":false,"showFlares":false,"showImageEffects":false,"showParticleSystems":false},"in2DMode":false,"pivot":{"x":0.14202880859375,"y":0.154693603515625,"z":0.11968994140625},"rotation":{"x":0.018896082416176797,"y":0.004498109687119722,"z":-0.00008622678433312103,"w":0.9998219013214111},"size":0.410812646150589,"orthographic":true}