{"cameraMode":{"drawMode":0,"name":"Shaded","section":"Shading Mode"},"sceneLighting":false,"audioPlay":false,"sceneViewState":{"showFog":false,"showMaterialUpdate":false,"showSkybox":false,"showFlares":false,"showImageEffects":false,"showParticleSystems":false},"in2DMode":false,"pivot":{"x":0.002197265625,"y":0.64111328125,"z":-0.2606201171875},"rotation":{"x":0.07577025890350342,"y":0.8855625987052918,"z":-0.1556614339351654,"w":0.43105849623680117},"size":1.160446047782898,"orthographic":true}