{"cameraMode":{"drawMode":0,"name":"Shaded","section":"Shading Mode"},"sceneLighting":false,"audioPlay":false,"sceneViewState":{"showFog":false,"showMaterialUpdate":false,"showSkybox":false,"showFlares":false,"showImageEffects":false,"showParticleSystems":false},"in2DMode":false,"pivot":{"x":0.1529541015625,"y":0.16510009765625,"z":0.10186767578125},"rotation":{"x":0.08954893797636032,"y":-0.8778961896896362,"z":0.1810661107301712,"w":0.4341824948787689},"size":0.38945913314819338,"orthographic":true}