{"cameraMode":{"drawMode":0,"name":"Shaded","section":"Shading Mode"},"sceneLighting":false,"audioPlay":false,"sceneViewState":{"showFog":false,"showMaterialUpdate":false,"showSkybox":false,"showFlares":false,"showImageEffects":false,"showParticleSystems":false},"in2DMode":false,"pivot":{"x":0.03033447265625,"y":0.137847900390625,"z":0.0181884765625},"rotation":{"x":0.19643713533878327,"y":-0.43618473410606387,"z":0.09816374629735947,"w":0.8726804256439209},"size":0.420174777507782,"orthographic":true}