{"cameraMode":{"drawMode":0,"name":"Shaded","section":"Shading Mode"},"sceneLighting":false,"audioPlay":false,"sceneViewState":{"showFog":false,"showMaterialUpdate":false,"showSkybox":false,"showFlares":false,"showImageEffects":false,"showParticleSystems":false},"in2DMode":false,"pivot":{"x":5.7464599609375,"y":0.7408447265625,"z":92.998779296875},"rotation":{"x":-0.03666863963007927,"y":-0.9596283435821533,"z":0.14945247769355775,"w":-0.23544134199619294},"size":0.9373153448104858,"orthographic":true}