{"cameraMode":{"drawMode":0,"name":"Shaded","section":"Shading Mode"},"sceneLighting":false,"audioPlay":false,"sceneViewState":{"showFog":false,"showMaterialUpdate":false,"showSkybox":false,"showFlares":false,"showImageEffects":false,"showParticleSystems":false},"in2DMode":false,"pivot":{"x":0.14422607421875,"y":0.174530029296875,"z":0.108154296875},"rotation":{"x":-0.09108280390501023,"y":0.8583206534385681,"z":-0.1636466085910797,"w":-0.4777330756187439},"size":0.35519644618034365,"orthographic":true}