{"cameraMode":{"drawMode":0,"name":"Shaded","section":"Shading Mode"},"sceneLighting":false,"audioPlay":false,"sceneViewState":{"showFog":false,"showMaterialUpdate":false,"showSkybox":false,"showFlares":false,"showImageEffects":false,"showParticleSystems":false},"in2DMode":false,"pivot":{"x":0.23248291015625,"y":0.1590576171875,"z":-0.291259765625},"rotation":{"x":-0.11080814152956009,"y":-0.8759068846702576,"z":0.4031933844089508,"w":-0.24072065949440003},"size":0.9113070964813232,"orthographic":true}