{"cameraMode":{"drawMode":0,"name":"Shaded","section":"Shading Mode"},"sceneLighting":false,"audioPlay":false,"sceneViewState":{"showFog":false,"showMaterialUpdate":false,"showSkybox":false,"showFlares":false,"showImageEffects":false,"showParticleSystems":false},"in2DMode":false,"pivot":{"x":-0.21955299377441407,"y":0.5645751953125,"z":0.04547003656625748},"rotation":{"x":-0.08665299415588379,"y":-0.9133430123329163,"z":0.283428430557251,"w":-0.27923426032066347},"size":0.594460666179657,"orthographic":true}