{"cameraMode":{"drawMode":0,"name":"Shaded","section":"Shading Mode"},"sceneLighting":false,"audioPlay":false,"sceneViewState":{"showFog":false,"showMaterialUpdate":false,"showSkybox":false,"showFlares":false,"showImageEffects":false,"showParticleSystems":false},"in2DMode":false,"pivot":{"x":1.6391277313232423e-7,"y":0.6015767455101013,"z":0.0},"rotation":{"x":0.08811718225479126,"y":-0.8746148943901062,"z":0.17356111109256745,"w":0.44404974579811098},"size":0.742018461227417,"orthographic":true}