{"cameraMode":{"drawMode":0,"name":"Shaded","section":"Shading Mode"},"sceneLighting":true,"audioPlay":false,"sceneViewState":{"showFog":false,"showMaterialUpdate":false,"showSkybox":false,"showFlares":false,"showImageEffects":false,"showParticleSystems":false},"in2DMode":false,"pivot":{"x":-0.089599609375,"y":0.998779296875,"z":0.1922607421875},"rotation":{"x":0.10944905132055283,"y":-0.8683452010154724,"z":0.2208007276058197,"w":0.43043017387390139},"size":2.3594419956207277,"orthographic":true}