{"cameraMode":{"drawMode":0,"name":"Shaded","section":"Shading Mode"},"sceneLighting":false,"audioPlay":false,"sceneViewState":{"showFog":false,"showMaterialUpdate":false,"showSkybox":false,"showFlares":false,"showImageEffects":false,"showParticleSystems":false},"in2DMode":false,"pivot":{"x":0.17185983061790467,"y":1.1169968843460084,"z":-0.2344336211681366},"rotation":{"x":-0.20342573523521424,"y":-0.21362827718257905,"z":0.04553176090121269,"w":-0.9544134736061096},"size":2.4283554553985597,"orthographic":true}