{"cameraMode":{"drawMode":0,"name":"Shaded","section":"Shading Mode"},"sceneLighting":false,"audioPlay":false,"sceneViewState":{"showFog":false,"showMaterialUpdate":false,"showSkybox":false,"showFlares":false,"showImageEffects":false,"showParticleSystems":false},"in2DMode":false,"pivot":{"x":-0.05908203125,"y":0.7281494140625,"z":0.0152587890625},"rotation":{"x":0.2578292787075043,"y":0.3927113711833954,"z":-0.11569463461637497,"w":0.875170886516571},"size":1.2912914752960206,"orthographic":true}