{"cameraMode":{"drawMode":0,"name":"Shaded","section":"Shading Mode"},"sceneLighting":false,"audioPlay":false,"sceneViewState":{"showFog":false,"showMaterialUpdate":false,"showSkybox":false,"showFlares":false,"showImageEffects":false,"showParticleSystems":false},"in2DMode":false,"pivot":{"x":-0.00930023193359375,"y":0.4827423095703125,"z":0.08404541015625},"rotation":{"x":-0.08642831444740296,"y":-0.906309962272644,"z":0.2261160910129547,"w":-0.34641769528388979},"size":0.49585455656051638,"orthographic":true}