{"cameraMode":{"drawMode":0,"name":"Shaded","section":"Shading Mode"},"sceneLighting":false,"audioPlay":false,"sceneViewState":{"showFog":false,"showMaterialUpdate":false,"showSkybox":false,"showFlares":false,"showImageEffects":false,"showParticleSystems":false},"in2DMode":false,"pivot":{"x":-0.08734130859375,"y":0.08770751953125,"z":0.0338134765625},"rotation":{"x":-0.08393947035074234,"y":0.8898272514343262,"z":-0.18211930990219117,"w":-0.40992021560668948},"size":0.47973182797431948,"orthographic":true}