{"cameraMode":{"drawMode":0,"name":"Shaded","section":"Shading Mode"},"sceneLighting":false,"audioPlay":false,"sceneViewState":{"showFog":false,"showMaterialUpdate":false,"showSkybox":false,"showFlares":false,"showImageEffects":false,"showParticleSystems":false},"in2DMode":false,"pivot":{"x":-0.10000002384185791,"y":0.5049999952316284,"z":0.10000002384185791},"rotation":{"x":-0.18634235858917237,"y":-0.384231299161911,"z":0.07948753237724304,"w":-0.9007362127304077},"size":0.6984479427337647,"orthographic":true}