{"cameraMode":{"drawMode":0,"name":"Shaded","section":"Shading Mode"},"sceneLighting":false,"audioPlay":false,"sceneViewState":{"showFog":false,"showMaterialUpdate":false,"showSkybox":false,"showFlares":false,"showImageEffects":false,"showParticleSystems":false},"in2DMode":false,"pivot":{"x":2.9802322387695315e-8,"y":0.10157675296068192,"z":-1.6391277313232423e-7},"rotation":{"x":0.06192370504140854,"y":-0.8857757449150086,"z":0.12383560091257096,"w":0.4430541694164276},"size":0.30664026737213137,"orthographic":true}