{"cameraMode":{"drawMode":0,"name":"Shaded","section":"Shading Mode"},"sceneLighting":false,"audioPlay":false,"sceneViewState":{"showFog":false,"showMaterialUpdate":false,"showSkybox":false,"showFlares":false,"showImageEffects":false,"showParticleSystems":false},"in2DMode":false,"pivot":{"x":-0.08734130859375,"y":0.08770751953125,"z":0.0338134765625},"rotation":{"x":-0.07869367301464081,"y":0.90621018409729,"z":-0.19398753345012666,"w":-0.3674211800098419},"size":0.47973182797431948,"orthographic":true}