{"cameraMode":{"drawMode":0,"name":"Shaded","section":"Shading Mode"},"sceneLighting":false,"audioPlay":false,"sceneViewState":{"showFog":false,"showMaterialUpdate":false,"showSkybox":false,"showFlares":false,"showImageEffects":false,"showParticleSystems":false},"in2DMode":false,"pivot":{"x":2.9802322387695315e-8,"y":0.10157675296068192,"z":-1.6391277313232423e-7},"rotation":{"x":0.17212575674057008,"y":-0.310288667678833,"z":0.057228729128837588,"w":0.9331932663917542},"size":0.4513623118400574,"orthographic":true}