{"cameraMode":{"drawMode":0,"name":"Shaded","section":"Shading Mode"},"sceneLighting":false,"audioPlay":false,"sceneViewState":{"showFog":false,"showMaterialUpdate":false,"showSkybox":false,"showFlares":false,"showImageEffects":false,"showParticleSystems":false},"in2DMode":false,"pivot":{"x":0.05706787109375,"y":0.577667236328125,"z":-0.06640625},"rotation":{"x":-0.16915088891983033,"y":0.42748600244522097,"z":-0.08176803588867188,"w":-0.8842926025390625},"size":0.7437758445739746,"orthographic":true}