{"cameraMode":{"drawMode":0,"name":"Shaded","section":"Shading Mode"},"sceneLighting":false,"audioPlay":false,"sceneViewState":{"showFog":false,"showMaterialUpdate":false,"showSkybox":false,"showFlares":false,"showImageEffects":false,"showParticleSystems":false},"in2DMode":false,"pivot":{"x":-1.7881393432617188e-7,"y":0.09536361694335938,"z":0.0},"rotation":{"x":0.1231020912528038,"y":-0.45338618755340578,"z":0.06336665153503418,"w":0.8805164098739624},"size":0.5944505929946899,"orthographic":true}