{"cameraMode":{"drawMode":0,"name":"Shaded","section":"Shading Mode"},"sceneLighting":false,"audioPlay":false,"sceneViewState":{"showFog":false,"showMaterialUpdate":false,"showSkybox":false,"showFlares":false,"showImageEffects":false,"showParticleSystems":false},"in2DMode":false,"pivot":{"x":8.940696716308594e-8,"y":0.10772812366485596,"z":2.2351741790771486e-8},"rotation":{"x":0.12990735471248628,"y":-0.3914351463317871,"z":0.05590154975652695,"w":0.9092957377433777},"size":0.8398097157478333,"orthographic":true}