{"cameraMode":{"drawMode":0,"name":"Shaded","section":"Shading Mode"},"sceneLighting":false,"audioPlay":false,"sceneViewState":{"showFog":false,"showMaterialUpdate":false,"showSkybox":false,"showFlares":false,"showImageEffects":false,"showParticleSystems":false},"in2DMode":false,"pivot":{"x":2.682209014892578e-7,"y":0.989087700843811,"z":7.450580596923828e-7},"rotation":{"x":-0.08833496272563935,"y":0.8774085640907288,"z":-0.17740298807621003,"w":-0.436898797750473},"size":1.8802392482757569,"orthographic":true}