{"cameraMode":{"drawMode":0,"name":"Shaded","section":"Shading Mode"},"sceneLighting":false,"audioPlay":false,"sceneViewState":{"showFog":false,"showMaterialUpdate":false,"showSkybox":false,"showFlares":false,"showImageEffects":false,"showParticleSystems":false},"in2DMode":false,"pivot":{"x":-4.76837158203125e-7,"y":2.064567804336548,"z":9.5367431640625e-7},"rotation":{"x":-0.07004943490028382,"y":0.39863231778144839,"z":-0.03055877611041069,"w":-0.9139248728752136},"size":4.620279312133789,"orthographic":true}