{"cameraMode":{"drawMode":0,"name":"Shaded","section":"Shading Mode"},"sceneLighting":false,"audioPlay":false,"sceneViewState":{"showFog":false,"showMaterialUpdate":false,"showSkybox":false,"showFlares":false,"showImageEffects":false,"showParticleSystems":false},"in2DMode":false,"pivot":{"x":0.053466796875,"y":0.741851806640625,"z":-0.12294197082519531},"rotation":{"x":-0.26634931564331057,"y":0.4794999957084656,"z":-0.15544678270816804,"w":-0.8215777277946472},"size":0.3379545211791992,"orthographic":true}