{"cameraMode":{"drawMode":0,"name":"Shaded","section":"Shading Mode"},"sceneLighting":false,"audioPlay":false,"sceneViewState":{"showFog":false,"showMaterialUpdate":false,"showSkybox":false,"showFlares":false,"showImageEffects":false,"showParticleSystems":false},"in2DMode":false,"pivot":{"x":0.18994140625,"y":1.0682373046875,"z":-0.153564453125},"rotation":{"x":0.2307685911655426,"y":0.325422078371048,"z":-0.08222648501396179,"w":0.9132834672927856},"size":2.2513296604156496,"orthographic":true}