{"cameraMode":{"drawMode":0,"name":"Shaded","section":"Shading Mode"},"sceneLighting":false,"audioPlay":false,"sceneViewState":{"showFog":false,"showMaterialUpdate":false,"showSkybox":false,"showFlares":false,"showImageEffects":false,"showParticleSystems":false},"in2DMode":false,"pivot":{"x":-0.10343781858682633,"y":1.0663660764694214,"z":-0.4833018183708191},"rotation":{"x":-0.21363237500190736,"y":-0.46559038758277895,"z":0.11690197885036469,"w":-0.8508371114730835},"size":1.7745548486709595,"orthographic":true}