{"cameraMode":{"drawMode":0,"name":"Shaded","section":"Shading Mode"},"sceneLighting":false,"audioPlay":false,"sceneViewState":{"showFog":false,"showMaterialUpdate":false,"showSkybox":false,"showFlares":false,"showImageEffects":false,"showParticleSystems":false},"in2DMode":false,"pivot":{"x":-0.0035400390625,"y":0.6768798828125,"z":-0.176239013671875},"rotation":{"x":0.28526705503463747,"y":0.3473285138607025,"z":-0.11179415136575699,"w":0.8862783908843994},"size":0.8958670496940613,"orthographic":true}