{"cameraMode":{"drawMode":0,"name":"Shaded","section":"Shading Mode"},"sceneLighting":false,"audioPlay":false,"sceneViewState":{"showFog":false,"showMaterialUpdate":false,"showSkybox":false,"showFlares":false,"showImageEffects":false,"showParticleSystems":false},"in2DMode":false,"pivot":{"x":0.14202880859375,"y":0.154693603515625,"z":0.11968994140625},"rotation":{"x":0.08811718225479126,"y":-0.8746148943901062,"z":0.17356111109256745,"w":0.44404974579811098},"size":0.32965704798698428,"orthographic":true}