{"cameraMode":{"drawMode":0,"name":"Shaded","section":"Shading Mode"},"sceneLighting":false,"audioPlay":false,"sceneViewState":{"showFog":false,"showMaterialUpdate":false,"showSkybox":false,"showFlares":false,"showImageEffects":false,"showParticleSystems":false},"in2DMode":false,"pivot":{"x":2.682209014892578e-7,"y":0.989087700843811,"z":7.450580596923828e-7},"rotation":{"x":-0.19259434938430787,"y":-0.4285515546798706,"z":0.09403268247842789,"w":-0.8777293562889099},"size":1.8802392482757569,"orthographic":true}