{"cameraMode":{"drawMode":0,"name":"Shaded","section":"Shading Mode"},"sceneLighting":false,"audioPlay":false,"sceneViewState":{"showFog":false,"showMaterialUpdate":false,"showSkybox":false,"showFlares":false,"showImageEffects":false,"showParticleSystems":false},"in2DMode":false,"pivot":{"x":2.4692633152008058,"y":2.3730974197387697,"z":-0.5355841517448425},"rotation":{"x":0.32126736640930178,"y":-0.3839331865310669,"z":0.14451445639133454,"w":0.8535240888595581},"size":4.423488616943359,"orthographic":true}