{"cameraMode":{"drawMode":0,"name":"Shaded","section":"Shading Mode"},"sceneLighting":false,"audioPlay":false,"sceneViewState":{"showFog":false,"showMaterialUpdate":false,"showSkybox":false,"showFlares":false,"showImageEffects":false,"showParticleSystems":false},"in2DMode":false,"pivot":{"x":4.470348358154297e-8,"y":0.12277445197105408,"z":0.0},"rotation":{"x":0.05448639392852783,"y":-0.6441200375556946,"z":0.04604809731245041,"w":0.7616246342658997},"size":0.8485187292098999,"orthographic":true}