{"cameraMode":{"drawMode":0,"name":"Shaded","section":"Shading Mode"},"sceneLighting":false,"audioPlay":false,"sceneViewState":{"showFog":false,"showMaterialUpdate":false,"showSkybox":false,"showFlares":false,"showImageEffects":false,"showParticleSystems":false},"in2DMode":false,"pivot":{"x":-0.289825439453125,"y":0.2281494140625,"z":-0.27978515625},"rotation":{"x":0.12880095839500428,"y":-0.8451845049858093,"z":0.46216443181037905,"w":0.2355479747056961},"size":0.8761133551597595,"orthographic":true}