{"cameraMode":{"drawMode":0,"name":"Shaded","section":"Shading Mode"},"sceneLighting":false,"audioPlay":false,"sceneViewState":{"showFog":false,"showMaterialUpdate":false,"showSkybox":false,"showFlares":false,"showImageEffects":false,"showParticleSystems":false},"in2DMode":false,"pivot":{"x":-0.09666094183921814,"y":0.7472457885742188,"z":-0.07707416266202927},"rotation":{"x":-0.1373324990272522,"y":-0.6160581707954407,"z":0.11019419878721237,"w":-0.7677695155143738},"size":0.8225598931312561,"orthographic":true}