{"cameraMode":{"drawMode":0,"name":"Shaded","section":"Shading Mode"},"sceneLighting":false,"audioPlay":false,"sceneViewState":{"showFog":false,"showMaterialUpdate":false,"showSkybox":false,"showFlares":false,"showImageEffects":false,"showParticleSystems":false},"in2DMode":false,"pivot":{"x":-0.0244140625,"y":0.913818359375,"z":-0.0799560546875},"rotation":{"x":0.19122204184532166,"y":0.44115278124809267,"z":-0.09679421037435532,"w":0.8714655637741089},"size":1.1238253116607667,"orthographic":true}