{"cameraMode":{"drawMode":0,"name":"Shaded","section":"Shading Mode"},"sceneLighting":false,"audioPlay":false,"sceneViewState":{"showFog":false,"showMaterialUpdate":false,"showSkybox":false,"showFlares":false,"showImageEffects":false,"showParticleSystems":false},"in2DMode":false,"pivot":{"x":-0.020751953125,"y":0.727294921875,"z":0.0140380859375},"rotation":{"x":0.2976570129394531,"y":0.4030643105506897,"z":-0.14049239456653596,"w":0.8539396524429321},"size":1.7331302165985108,"orthographic":true}