{"cameraMode":{"drawMode":0,"name":"Shaded","section":"Shading Mode"},"sceneLighting":false,"audioPlay":false,"sceneViewState":{"showFog":false,"showMaterialUpdate":false,"showSkybox":false,"showFlares":false,"showImageEffects":false,"showParticleSystems":false},"in2DMode":false,"pivot":{"x":0.1112060546875,"y":0.687744140625,"z":0.06146240234375},"rotation":{"x":0.2053225040435791,"y":-0.4415675699710846,"z":0.10455562174320221,"w":0.8671374320983887},"size":0.9502314925193787,"orthographic":true}