{"cameraMode":{"drawMode":0,"name":"Shaded","section":"Shading Mode"},"sceneLighting":false,"audioPlay":false,"sceneViewState":{"showFog":false,"showMaterialUpdate":false,"showSkybox":false,"showFlares":false,"showImageEffects":false,"showParticleSystems":false},"in2DMode":false,"pivot":{"x":-0.127685546875,"y":0.5469970703125,"z":0.08605575561523438},"rotation":{"x":0.08900538831949234,"y":-0.8900936245918274,"z":0.19754411280155183,"w":0.40101635456085207},"size":0.6890379786491394,"orthographic":true}