{"cameraMode":{"drawMode":0,"name":"Shaded","section":"Shading Mode"},"sceneLighting":false,"audioPlay":false,"sceneViewState":{"showFog":false,"showMaterialUpdate":false,"showSkybox":false,"showFlares":false,"showImageEffects":false,"showParticleSystems":false},"in2DMode":false,"pivot":{"x":-0.0108642578125,"y":0.05987548828125,"z":0.02215576171875},"rotation":{"x":-0.026583315804600717,"y":0.7047001123428345,"z":-0.026437323540449144,"w":-0.7085205316543579},"size":0.22433330118656159,"orthographic":true}