{"cameraMode":{"drawMode":0,"name":"Shaded","section":"Shading Mode"},"sceneLighting":false,"audioPlay":false,"sceneViewState":{"showFog":false,"showMaterialUpdate":false,"showSkybox":false,"showFlares":false,"showImageEffects":false,"showParticleSystems":false},"in2DMode":false,"pivot":{"x":0.219970703125,"y":0.9097900390625,"z":0.080810546875},"rotation":{"x":0.22496062517166139,"y":-0.3714316487312317,"z":0.09326116740703583,"w":0.8959521651268005},"size":1.7566120624542237,"orthographic":true}