{"cameraMode":{"drawMode":0,"name":"Shaded","section":"Shading Mode"},"sceneLighting":false,"audioPlay":false,"sceneViewState":{"showFog":false,"showMaterialUpdate":false,"showSkybox":false,"showFlares":false,"showImageEffects":false,"showParticleSystems":false},"in2DMode":false,"pivot":{"x":-0.012189298868179322,"y":1.0051336288452149,"z":-0.00956428050994873},"rotation":{"x":-0.19259434938430787,"y":-0.4285515546798706,"z":0.09403268247842789,"w":-0.8777293562889099},"size":1.0625540018081666,"orthographic":true}