{"cameraMode":{"drawMode":0,"name":"Shaded","section":"Shading Mode"},"sceneLighting":false,"audioPlay":false,"sceneViewState":{"showFog":false,"showMaterialUpdate":false,"showSkybox":false,"showFlares":false,"showImageEffects":false,"showParticleSystems":false},"in2DMode":false,"pivot":{"x":4.68096923828125,"y":0.7523193359375,"z":20.47216796875},"rotation":{"x":0.1949935108423233,"y":-0.4594150483608246,"z":0.10413351655006409,"w":0.8602784276008606},"size":1.4943768978118897,"orthographic":true}