{"cameraMode":{"drawMode":0,"name":"Shaded","section":"Shading Mode"},"sceneLighting":false,"audioPlay":false,"sceneViewState":{"showFog":false,"showMaterialUpdate":false,"showSkybox":false,"showFlares":false,"showImageEffects":false,"showParticleSystems":false},"in2DMode":false,"pivot":{"x":-2.384185791015625e-7,"y":1.0689561367034913,"z":1.1920928955078126e-7},"rotation":{"x":-0.14397026598453523,"y":-0.44493332505226138,"z":0.07271521538496018,"w":-0.8809195160865784},"size":3.067918539047241,"orthographic":true}