{"cameraMode":{"drawMode":0,"name":"Shaded","section":"Shading Mode"},"sceneLighting":false,"audioPlay":false,"sceneViewState":{"showFog":false,"showMaterialUpdate":false,"showSkybox":false,"showFlares":false,"showImageEffects":false,"showParticleSystems":false},"in2DMode":false,"pivot":{"x":0.18994140625,"y":1.0682373046875,"z":-0.153564453125},"rotation":{"x":0.2186747044324875,"y":0.2684495151042938,"z":-0.06271295249462128,"w":0.9360465407371521},"size":2.2513296604156496,"orthographic":true}