{"cameraMode":{"drawMode":0,"name":"Shaded","section":"Shading Mode"},"sceneLighting":false,"audioPlay":false,"sceneViewState":{"showFog":false,"showMaterialUpdate":false,"showSkybox":false,"showFlares":false,"showImageEffects":false,"showParticleSystems":false},"in2DMode":false,"pivot":{"x":0.2142333984375,"y":0.13192367553710938,"z":-0.1173095703125},"rotation":{"x":0.10622788220643997,"y":-0.42658531665802,"z":0.05051672086119652,"w":0.8967916965484619},"size":0.24629218876361848,"orthographic":true}