{"cameraMode":{"drawMode":0,"name":"Shaded","section":"Shading Mode"},"sceneLighting":true,"audioPlay":false,"sceneViewState":{"showFog":false,"showMaterialUpdate":false,"showSkybox":false,"showFlares":false,"showImageEffects":false,"showParticleSystems":false},"in2DMode":false,"pivot":{"x":1.4514334201812745,"y":0.8304706811904907,"z":97.47406768798828},"rotation":{"x":-0.06126439571380615,"y":-0.5227794647216797,"z":0.03770413249731064,"w":-0.8494293093681336},"size":0.7657790184020996,"orthographic":true}