{"cameraMode":{"drawMode":0,"name":"Shaded","section":"Shading Mode"},"sceneLighting":true,"audioPlay":false,"sceneViewState":{"showFog":false,"showMaterialUpdate":false,"showSkybox":false,"showFlares":false,"showImageEffects":false,"showParticleSystems":false},"in2DMode":false,"pivot":{"x":0.017471492290496827,"y":0.8141018152236939,"z":0.000002205371856689453},"rotation":{"x":-0.26436105370521548,"y":-0.33899420499801638,"z":0.09986822307109833,"w":-0.8973421454429627},"size":2.665860891342163,"orthographic":true}