{"cameraMode":{"drawMode":0,"name":"Shaded","section":"Shading Mode"},"sceneLighting":false,"audioPlay":false,"sceneViewState":{"showFog":false,"showMaterialUpdate":false,"showSkybox":false,"showFlares":false,"showImageEffects":false,"showParticleSystems":false},"in2DMode":false,"pivot":{"x":-0.0108642578125,"y":0.05987548828125,"z":0.02215576171875},"rotation":{"x":0.08386046439409256,"y":0.8934788703918457,"z":-0.18763792514801026,"w":0.39932116866111758},"size":0.4894461929798126,"orthographic":true}