{"cameraMode":{"drawMode":0,"name":"Shaded","section":"Shading Mode"},"sceneLighting":false,"audioPlay":false,"sceneViewState":{"showFog":false,"showMaterialUpdate":false,"showSkybox":false,"showFlares":false,"showImageEffects":false,"showParticleSystems":false},"in2DMode":false,"pivot":{"x":0.135009765625,"y":0.89111328125,"z":-0.1396484375},"rotation":{"x":-0.15202723443508149,"y":-0.4271354377269745,"z":0.07309967279434204,"w":-0.8883113861083984},"size":1.2761197090148926,"orthographic":true}