{"cameraMode":{"drawMode":0,"name":"Shaded","section":"Shading Mode"},"sceneLighting":false,"audioPlay":false,"sceneViewState":{"showFog":false,"showMaterialUpdate":false,"showSkybox":false,"showFlares":false,"showImageEffects":false,"showParticleSystems":false},"in2DMode":false,"pivot":{"x":-0.369873046875,"y":0.3553466796875,"z":-0.0908203125},"rotation":{"x":-0.061399128288030627,"y":-0.9374963641166687,"z":0.21753054857254029,"w":-0.26460954546928408},"size":1.8910151720046998,"orthographic":true}