{"cameraMode":{"drawMode":0,"name":"Shaded","section":"Shading Mode"},"sceneLighting":false,"audioPlay":false,"sceneViewState":{"showFog":false,"showMaterialUpdate":false,"showSkybox":false,"showFlares":false,"showImageEffects":false,"showParticleSystems":false},"in2DMode":false,"pivot":{"x":89.48091888427735,"y":-38.193180084228519,"z":-557.5989379882813},"rotation":{"x":0.22827725112438203,"y":0.3895692825317383,"z":-0.10030372440814972,"w":0.886603593826294},"size":1.051163673400879,"orthographic":true}