{"cameraMode":{"drawMode":0,"name":"Shaded","section":"Shading Mode"},"sceneLighting":false,"audioPlay":false,"sceneViewState":{"showFog":false,"showMaterialUpdate":false,"showSkybox":false,"showFlares":false,"showImageEffects":false,"showParticleSystems":false},"in2DMode":false,"pivot":{"x":0.1029052734375,"y":0.155120849609375,"z":0.20794677734375},"rotation":{"x":0.06707675755023956,"y":-0.907538890838623,"z":0.15896089375019074,"w":0.3829476237297058},"size":0.34806883335113528,"orthographic":true}