{"cameraMode":{"drawMode":0,"name":"Shaded","section":"Shading Mode"},"sceneLighting":false,"audioPlay":false,"sceneViewState":{"showFog":false,"showMaterialUpdate":false,"showSkybox":false,"showFlares":false,"showImageEffects":false,"showParticleSystems":false},"in2DMode":false,"pivot":{"x":0.0916748046875,"y":0.77154541015625,"z":-0.0516357421875},"rotation":{"x":-0.14361096918582917,"y":-0.43311384320259097,"z":0.07011352479457855,"w":-0.8870732188224793},"size":1.0255345106124879,"orthographic":true}