{"cameraMode":{"drawMode":0,"name":"Shaded","section":"Shading Mode"},"sceneLighting":false,"audioPlay":false,"sceneViewState":{"showFog":false,"showMaterialUpdate":false,"showSkybox":false,"showFlares":false,"showImageEffects":false,"showParticleSystems":false},"in2DMode":false,"pivot":{"x":0.08489253371953964,"y":1.1219382286071778,"z":-0.10504055768251419},"rotation":{"x":-0.1154593825340271,"y":-0.8844183683395386,"z":0.3118574023246765,"w":-0.32745248079299929},"size":3.3270061016082765,"orthographic":true}