{"cameraMode":{"drawMode":0,"name":"Shaded","section":"Shading Mode"},"sceneLighting":false,"audioPlay":false,"sceneViewState":{"showFog":false,"showMaterialUpdate":false,"showSkybox":false,"showFlares":false,"showImageEffects":false,"showParticleSystems":false},"in2DMode":false,"pivot":{"x":5.0184326171875,"y":1.454345703125,"z":19.169761657714845},"rotation":{"x":0.15840812027454377,"y":-0.84159255027771,"z":0.36618202924728396,"w":0.3640797734260559},"size":1.191616415977478,"orthographic":true}