{"cameraMode":{"drawMode":0,"name":"Shaded","section":"Shading Mode"},"sceneLighting":false,"audioPlay":false,"sceneViewState":{"showFog":false,"showMaterialUpdate":false,"showSkybox":false,"showFlares":false,"showImageEffects":false,"showParticleSystems":false},"in2DMode":false,"pivot":{"x":4.470348358154297e-8,"y":0.12277445197105408,"z":0.0},"rotation":{"x":0.1473931074142456,"y":-0.4449242353439331,"z":0.07447849214076996,"w":0.8802397847175598},"size":0.5090586543083191,"orthographic":true}