{"cameraMode":{"drawMode":0,"name":"Shaded","section":"Shading Mode"},"sceneLighting":false,"audioPlay":false,"sceneViewState":{"showFog":false,"showMaterialUpdate":false,"showSkybox":false,"showFlares":false,"showImageEffects":false,"showParticleSystems":false},"in2DMode":false,"pivot":{"x":0.27978515625,"y":0.81781005859375,"z":0.04736328125},"rotation":{"x":0.2398337870836258,"y":-0.380366712808609,"z":0.10281652957201004,"w":0.8872565031051636},"size":1.9484984874725342,"orthographic":true}