{"cameraMode":{"drawMode":0,"name":"Shaded","section":"Shading Mode"},"sceneLighting":false,"audioPlay":false,"sceneViewState":{"showFog":false,"showMaterialUpdate":false,"showSkybox":false,"showFlares":false,"showImageEffects":false,"showParticleSystems":false},"in2DMode":false,"pivot":{"x":1.043081283569336e-7,"y":0.9236405491828919,"z":-0.0000018775463104248047},"rotation":{"x":-0.172160342335701,"y":-0.4371589720249176,"z":0.0856608897447586,"w":-0.8785870671272278},"size":1.8000915050506592,"orthographic":true}