{"cameraMode":{"drawMode":0,"name":"Shaded","section":"Shading Mode"},"sceneLighting":false,"audioPlay":false,"sceneViewState":{"showFog":false,"showMaterialUpdate":false,"showSkybox":false,"showFlares":false,"showImageEffects":false,"showParticleSystems":false},"in2DMode":false,"pivot":{"x":-1.7881393432617188e-7,"y":0.11093150079250336,"z":0.0},"rotation":{"x":0.049775682389736179,"y":-0.5094276070594788,"z":0.029510369524359704,"w":0.8585861325263977},"size":0.5271821022033691,"orthographic":true}