{"cameraMode":{"drawMode":0,"name":"Shaded","section":"Shading Mode"},"sceneLighting":false,"audioPlay":false,"sceneViewState":{"showFog":false,"showMaterialUpdate":false,"showSkybox":false,"showFlares":false,"showImageEffects":false,"showParticleSystems":false},"in2DMode":false,"pivot":{"x":-0.089599609375,"y":0.998779296875,"z":0.1922607421875},"rotation":{"x":-0.23603925108909608,"y":-0.4400913119316101,"z":0.1210966482758522,"w":-0.8578903675079346},"size":2.3594419956207277,"orthographic":true}