{"cameraMode":{"drawMode":0,"name":"Shaded","section":"Shading Mode"},"sceneLighting":false,"audioPlay":false,"sceneViewState":{"showFog":false,"showMaterialUpdate":false,"showSkybox":false,"showFlares":false,"showImageEffects":false,"showParticleSystems":false},"in2DMode":false,"pivot":{"x":0.047454968094825748,"y":0.08135289698839188,"z":-0.004875729791820049},"rotation":{"x":-0.07062231749296189,"y":0.8518993854522705,"z":-0.11908791959285736,"w":-0.5051116943359375},"size":0.24757371842861176,"orthographic":true}