{"cameraMode":{"drawMode":0,"name":"Shaded","section":"Shading Mode"},"sceneLighting":false,"audioPlay":false,"sceneViewState":{"showFog":false,"showMaterialUpdate":false,"showSkybox":false,"showFlares":false,"showImageEffects":false,"showParticleSystems":false},"in2DMode":false,"pivot":{"x":-0.0177001953125,"y":0.66278076171875,"z":-0.0714111328125},"rotation":{"x":0.06382659077644348,"y":0.9145183563232422,"z":-0.15933726727962495,"w":0.36633241176605227},"size":1.0210258960723878,"orthographic":true}