{"cameraMode":{"drawMode":0,"name":"Shaded","section":"Shading Mode"},"sceneLighting":false,"audioPlay":false,"sceneViewState":{"showFog":false,"showMaterialUpdate":false,"showSkybox":false,"showFlares":false,"showImageEffects":false,"showParticleSystems":false},"in2DMode":false,"pivot":{"x":8.940696716308594e-8,"y":0.10772812366485596,"z":2.2351741790771486e-8},"rotation":{"x":0.017609545961022378,"y":-0.7073293924331665,"z":0.017597706988453866,"w":0.7064749002456665},"size":0.48330506682395937,"orthographic":true}