{"cameraMode":{"drawMode":0,"name":"Shaded","section":"Shading Mode"},"sceneLighting":true,"audioPlay":false,"sceneViewState":{"showFog":false,"showMaterialUpdate":false,"showSkybox":false,"showFlares":false,"showImageEffects":false,"showParticleSystems":false},"in2DMode":false,"pivot":{"x":0.01648414134979248,"y":0.7971018552780151,"z":4.76837158203125e-7},"rotation":{"x":-0.18507544696331025,"y":-0.4500744342803955,"z":0.09592865407466889,"w":-0.868320643901825},"size":1.2600282430648804,"orthographic":true}